Index,Variant,"Region, subregion, country or area *",Notes,Country code,Type,Parent code,1950-1955,1955-1960,1960-1965,1965-1970,1970-1975,1975-1980,1980-1985,1985-1990,1990-1995,1995-2000,2000-2005,2005-2010,2010-2015,2015-2020
27,Estimates,Burundi,,108,Country/Area,910,1.97,2.051,2.174,2.295,2.336,2.497,2.547,2.636,2.524,2.462,2.522,2.495,2.451,2.309
28,Estimates,Comoros,,174,Country/Area,910,1.73,1.987,2.165,2.295,2.404,2.494,2.625,2.609,2.459,2.301,2.149,2.058,1.98,1.85
29,Estimates,Djibouti,,262,Country/Area,910,1.868,1.967,2.106,2.246,2.446,2.441,2.449,2.396,2.303,1.904,1.673,1.44,1.298,1.234
30,Estimates,Eritrea,,232,Country/Area,910,1.765,1.887,1.997,2.047,2.12,2.193,2.281,2.301,2.302,2.166,2.086,2.077,1.932,1.865
31,Estimates,Ethiopia,,231,Country/Area,910,1.831,1.883,2.035,2.114,2.244,2.3,2.342,2.444,2.447,2.497,2.38,2.245,2.099,1.912
32,Estimates,Kenya,,404,Country/Area,910,2.373,2.596,2.877,3.026,3.111,3.075,2.991,2.723,2.312,2.138,2.007,1.984,1.814,1.604
33,Estimates,Madagascar,,450,Country/Area,910,2.016,2.136,2.255,2.366,2.447,2.445,2.325,2.247,2.295,2.347,2.227,2.094,1.956,1.868
34,Estimates,Malawi,,454,Country/Area,910,1.656,1.729,1.832,1.952,2.141,2.32,2.434,2.407,2.261,2.238,2.219,2.295,2.118,1.912
35,Estimates,Mauritius,1,480,Country/Area,910,2.185,2.399,2.648,2,1.514,1.426,1.076,1.089,1.067,0.967,0.924,0.813,0.712,0.666
36,Estimates,Mayotte,2,175,Country/Area,910,2.809,3.137,3.324,3.466,3.573,3.653,3.449,3.194,2.515,2.45,2.327,2.238,2,1.819
37,Estimates,Mozambique,,508,Country/Area,910,1.623,1.763,1.938,1.998,2.028,2.045,2.016,2.041,2.064,2.104,2.209,2.196,2.177,2.137
38,Estimates,Réunion,2,638,Country/Area,910,2.437,2.587,2.743,2.478,1.751,1.442,1.306,1.291,1.155,1.124,1.186,1.168,1.172,1.112
39,Estimates,Rwanda,,646,Country/Area,910,2.356,2.493,2.598,2.663,2.716,2.829,3.032,2.763,1.033,1.982,2.018,2.067,1.922,1.893
40,Estimates,Seychelles,,690,Country/Area,910,2.085,2.111,2.391,2.585,2.413,1.963,1.636,1.379,1.215,1.031,1.042,1.089,1.128,1.167
41,Estimates,Somalia,,706,Country/Area,910,1.835,1.932,2.025,2.118,2.158,2.208,2.304,2.409,2.44,2.728,2.725,2.674,2.563,2.455
42,Estimates,South Sudan,,728,Country/Area,910,1.459,1.592,1.7,1.822,1.915,2.004,1.992,2.101,2.181,2.216,2.15,2.13,2.054,1.923
43,Estimates,Uganda,,800,Country/Area,910,2.055,2.201,2.366,2.513,2.548,2.559,2.574,2.562,2.535,2.52,2.597,2.585,2.467,2.218
44,Estimates,United Republic of Tanzania,3,834,Country/Area,910,2.017,2.127,2.193,2.257,2.33,2.409,2.377,2.344,2.228,2.157,2.255,2.32,2.281,2.2
45,Estimates,Zambia,,894,Country/Area,910,2.127,2.318,2.52,2.597,2.733,2.742,2.598,2.438,2.229,2.139,2.207,2.258,2.246,2.078
46,Estimates,Zimbabwe,,716,Country/Area,910,2.459,2.63,2.848,2.982,3.028,3.013,2.675,2.329,1.846,1.525,1.425,1.512,1.761,1.62
48,Estimates,Angola,,24,Country/Area,911,1.633,1.819,2.002,2.208,2.364,2.437,2.501,2.516,2.416,2.323,2.36,2.477,2.505,2.403
49,Estimates,Cameroon,,120,Country/Area,911,1.576,1.666,1.843,2.021,2.208,2.382,2.536,2.543,2.364,2.151,2.1,2.084,2.023,1.934
50,Estimates,Central African Republic,,140,Country/Area,911,1.358,1.522,1.665,1.802,1.966,2.096,2.152,2.154,2.065,1.95,1.89,1.893,1.906,1.883
51,Estimates,Chad,,148,Country/Area,911,1.75,1.811,1.874,1.94,2.117,2.236,2.348,2.46,2.551,2.585,2.556,2.484,2.396,2.249
52,Estimates,Congo,,178,Country/Area,911,1.76,1.942,2.143,2.32,2.441,2.493,2.373,2.199,2.041,1.933,1.933,2.032,2.059,1.997
53,Estimates,Democratic Republic of the Congo,,180,Country/Area,911,1.751,1.809,1.87,1.955,2.062,2.147,2.246,2.323,2.398,2.37,2.47,2.577,2.579,2.473
54,Estimates,Equatorial Guinea,,226,Country/Area,911,1.443,1.512,1.587,1.689,1.76,1.822,1.996,2.088,2.168,2.239,2.208,2.14,2.037,1.909
55,Estimates,Gabon,,266,Country/Area,911,1.114,1.24,1.404,1.651,1.886,2.142,2.322,2.36,2.234,2.016,1.825,1.805,1.819,1.813
56,Estimates,Sao Tome and Principe,,678,Country/Area,911,2.15,2.242,2.386,2.511,2.643,2.729,2.659,2.498,2.367,2.253,2.239,2.207,2.137,2.045
58,Estimates,Botswana,,72,Country/Area,913,2.185,2.351,2.496,2.62,2.659,2.682,2.59,2.174,1.786,1.452,1.315,1.315,1.375,1.346
59,Estimates,Eswatini,,748,Country/Area,913,2.034,2.137,2.266,2.379,2.53,2.636,2.721,2.377,2.077,1.694,1.409,1.359,1.321,1.359
60,Estimates,Lesotho,,426,Country/Area,913,1.988,2.084,2.111,2.136,2.207,2.266,2.256,2.126,1.901,1.607,1.373,1.269,1.31,1.331
61,Estimates,Namibia,,516,Country/Area,913,1.865,2.045,2.23,2.386,2.615,2.667,2.612,2.415,2.154,1.799,1.467,1.523,1.625,1.556
62,Estimates,South Africa,,710,Country/Area,913,2.005,2.113,2.168,2.169,2.151,2.07,2.084,1.934,1.568,1.256,1.097,1.121,1.152,1.109
64,Estimates,Benin,,204,Country/Area,914,1.447,1.623,1.803,1.963,2.148,2.337,2.441,2.513,2.49,2.354,2.257,2.212,2.143,2.037
65,Estimates,Burkina Faso,,854,Country/Area,914,1.473,1.594,1.709,1.861,1.985,2.201,2.441,2.453,2.413,2.384,2.337,2.339,2.289,2.188
66,Estimates,Cabo Verde,,132,Country/Area,914,2.256,2.358,2.466,2.602,2.686,2.79,2.635,2.487,2.272,1.809,1.527,1.29,1.192,1.098
67,Estimates,Côte d'Ivoire,,384,Country/Area,914,1.571,1.833,2.153,2.433,2.696,2.831,2.757,2.633,2.461,2.287,2.157,2.046,2.004,1.953
68,Estimates,Gambia,,270,Country/Area,914,1.519,1.565,1.596,1.728,1.891,2.106,2.218,2.275,2.292,2.328,2.332,2.337,2.318,2.246
69,Estimates,Ghana,,288,Country/Area,914,1.945,2.106,2.27,2.384,2.452,2.438,2.365,2.261,2.13,1.986,1.856,1.807,1.769,1.689
70,Estimates,Guinea,,324,Country/Area,914,1.566,1.626,1.674,1.71,1.781,1.917,2.08,2.263,2.335,2.264,2.158,2.182,2.087,2.007
71,Estimates,Guinea-Bissau,,624,Country/Area,914,1.586,1.644,1.713,1.801,1.89,2.014,2.248,2.302,2.306,2.218,2.116,2.047,2.006,1.895
72,Estimates,Liberia,,430,Country/Area,914,1.629,1.685,1.755,1.893,2.068,2.233,2.326,2.209,2.033,2.121,2.118,2.123,2.004,1.885
73,Estimates,Mali,,466,Country/Area,914,1.437,1.485,1.531,1.65,1.817,1.971,2.134,2.257,2.356,2.31,2.41,2.524,2.483,2.404
74,Estimates,Mauritania,,478,Country/Area,914,1.849,2.083,2.253,2.388,2.45,2.472,2.46,2.447,2.354,2.284,2.206,2.137,2.092,1.997
75,Estimates,Niger,,562,Country/Area,914,1.879,1.915,1.961,1.986,2.028,2.127,2.275,2.313,2.427,2.588,2.746,2.903,3,2.942
76,Estimates,Nigeria,,566,Country/Area,914,1.639,1.719,1.811,1.883,2.039,2.176,2.242,2.188,2.107,2.049,2.054,2.105,2.123,2.076
77,Estimates,Senegal,,686,Country/Area,914,1.82,1.933,2.034,2.062,2.176,2.426,2.632,2.611,2.469,2.26,2.146,2.187,2.229,2.116
78,Estimates,Sierra Leone,,694,Country/Area,914,1.321,1.405,1.532,1.677,1.84,1.95,2.027,1.978,1.852,1.794,1.892,1.92,1.817,1.694
79,Estimates,Togo,,768,Country/Area,914,1.725,1.878,2.073,2.287,2.506,2.657,2.687,2.539,2.309,2.129,2.054,2.013,1.955,1.853
82,Estimates,Algeria,,12,Country/Area,912,2.217,2.351,2.547,2.647,2.712,2.717,2.634,2.323,1.848,1.308,1.095,1.266,1.386,1.436
83,Estimates,Egypt,,818,Country/Area,912,1.836,2.09,2.201,2.237,2.136,2.176,2.211,2.133,1.82,1.637,1.447,1.402,1.614,1.572
84,Estimates,Libya,,434,Country/Area,912,1.97,2.094,2.485,3.026,3.313,3.284,2.956,2.573,1.925,1.476,1.227,1.172,1.153,1.063
85,Estimates,Morocco,,504,Country/Area,912,2.177,2.348,2.473,2.475,2.381,2.269,2.199,1.881,1.624,1.325,1.215,1.168,1.213,1.136
86,Estimates,Sudan,,729,Country/Area,912,2.163,2.261,2.381,2.5,2.584,2.622,2.527,2.418,2.337,2.262,2.187,2.116,2.049,1.943
87,Estimates,Tunisia,,788,Country/Area,912,1.948,2.081,2.259,2.439,2.447,2.328,2.103,1.794,1.359,1.078,0.944,0.946,1.065,1.048
88,Estimates,Western Sahara,,732,Country/Area,912,1.757,1.862,1.973,2.075,2.144,2.189,2.006,1.843,1.656,1.451,1.256,1.152,1.199,1.128
90,Estimates,Armenia,,51,Country/Area,922,1.947,2.154,1.976,1.546,1.377,1.188,1.15,1.188,1.082,0.778,0.734,0.778,0.789,0.818
91,Estimates,Azerbaijan,4,31,Country/Area,922,2.039,2.246,2.448,2.239,1.932,1.603,1.399,1.372,1.254,0.967,0.813,0.801,0.93,0.952
92,Estimates,Bahrain,,48,Country/Area,922,2.28,2.502,2.85,2.986,2.675,2.419,2.175,1.931,1.618,1.411,1.274,1.086,1.027,0.968
93,Estimates,Cyprus,5,196,Country/Area,922,1.617,1.562,1.561,1.287,1.159,1.073,1.157,1.152,1.109,0.902,0.761,0.709,0.662,0.642
94,Estimates,Georgia,6,268,Country/Area,922,1.182,1.272,1.301,1.261,1.185,1.096,1.044,1.037,0.936,0.78,0.723,0.829,0.941,0.983
95,Estimates,Iraq,,368,Country/Area,922,2.054,1.988,2.335,2.854,2.886,2.836,2.752,2.698,2.539,2.357,2.142,2.01,1.951,1.703
96,Estimates,Israel,,376,Country/Area,922,1.943,1.785,1.783,1.767,1.793,1.642,1.49,1.469,1.405,1.407,1.401,1.413,1.47,1.473
97,Estimates,Jordan,,400,Country/Area,922,2.361,2.589,3.022,3.208,3.273,3.219,3.158,2.752,2.336,2.001,1.871,1.786,1.605,1.313
98,Estimates,Kuwait,,414,Country/Area,922,2.7,2.878,3.091,3.274,3.072,2.603,2.364,1.741,1.222,1.439,1.248,1.153,1.012,1.013
99,Estimates,Lebanon,,422,Country/Area,922,2.41,2.46,2.492,2.325,2.102,1.924,1.715,1.617,1.492,1.25,1.047,0.908,0.996,1.001
100,Estimates,Oman,,512,Country/Area,922,1.849,2.08,2.287,2.489,2.7,3.215,3.521,3.475,2.861,2.08,1.513,1.385,1.387,1.408
101,Estimates,Qatar,,634,Country/Area,922,2.71,2.843,2.964,3.084,3.07,2.827,2.556,2.079,1.78,1.656,1.417,1.075,0.966,0.909
102,Estimates,Saudi Arabia,,682,Country/Area,922,2.222,2.335,2.478,2.621,2.857,3.041,3.082,2.828,2.58,2.075,1.734,1.54,1.309,1.128
103,Estimates,State of Palestine,7,275,Country/Area,922,2.542,2.61,2.941,3.09,3.11,3.136,3.073,3.038,3.028,2.695,2.346,2.164,2.005,1.735
104,Estimates,Syrian Arab Republic,,760,Country/Area,922,2.508,2.684,2.87,3.013,3.155,3.181,3.033,2.693,2.237,2.02,1.843,1.758,1.465,1.351
105,Estimates,Turkey,,792,Country/Area,922,2.083,2.109,2.12,2.084,2.028,1.852,1.696,1.441,1.268,1.198,1.097,1.033,1.002,0.989
106,Estimates,United Arab Emirates,,784,Country/Area,922,2.289,2.493,2.649,2.805,2.839,2.633,2.482,2.321,1.872,1.422,1.154,0.95,0.819,0.687
107,Estimates,Yemen,,887,Country/Area,922,1.653,1.699,1.776,2.056,2.429,2.787,3.21,3.448,3.322,2.811,2.518,2.203,1.965,1.715
110,Estimates,Kazakhstan,,398,Country/Area,5500,1.75,1.852,1.84,1.556,1.555,1.413,1.351,1.366,1.152,0.909,0.927,1.183,1.26,1.312
111,Estimates,Kyrgyzstan,,417,Country/Area,5500,1.674,2.049,2.242,2.15,2.152,1.962,1.826,1.801,1.629,1.338,1.154,1.29,1.553,1.42
112,Estimates,Tajikistan,,762,Country/Area,5500,1.873,2.217,2.503,2.648,2.672,2.371,2.277,2.311,2.022,1.795,1.624,1.634,1.673,1.686
113,Estimates,Turkmenistan,,795,Country/Area,5500,1.999,2.399,2.696,2.662,2.557,2.35,2.047,1.973,1.758,1.34,1.23,1.199,1.374,1.283
114,Estimates,Uzbekistan,,860,Country/Area,5500,2.086,2.368,2.659,2.667,2.609,2.343,2.088,1.943,1.749,1.386,1.136,1.139,1.131,1.138
116,Estimates,Afghanistan,,4,Country/Area,5501,1.636,1.765,1.899,2.017,2.141,2.275,2.426,2.593,2.749,2.937,2.852,2.666,2.319,1.984
117,Estimates,Bangladesh,,50,Country/Area,5501,1.857,2.075,2.249,2.364,2.184,2.367,2.222,1.943,1.658,1.46,1.291,1.12,1.018,0.955
118,Estimates,Bhutan,,64,Country/Area,5501,1.677,1.746,1.811,1.934,2.059,2.163,2.225,2.193,1.962,1.644,1.349,1.149,0.972,0.929
119,Estimates,India,,356,Country/Area,5501,1.609,1.717,1.826,1.875,1.865,1.797,1.75,1.639,1.51,1.408,1.303,1.198,1.055,1.002
120,Estimates,Iran (Islamic Republic of),,364,Country/Area,5501,1.976,2.125,2.273,2.333,2.314,2.495,2.753,2.459,1.663,1.102,0.896,0.856,0.907,1.026
121,Estimates,Maldives,,462,Country/Area,5501,1.584,1.856,2.068,2.259,2.419,2.49,2.845,2.752,2.221,1.533,1.122,1.082,0.999,0.895
122,Estimates,Nepal,,524,Country/Area,5501,1.535,1.55,1.613,1.726,1.811,1.896,1.96,1.984,1.97,1.829,1.509,1.265,1.064,0.894
123,Estimates,Pakistan,,586,Country/Area,5501,1.713,1.945,2.135,2.278,2.381,2.462,2.472,2.478,2.398,2.191,1.943,1.758,1.62,1.543
124,Estimates,Sri Lanka,,144,Country/Area,5501,2.243,2.369,2.202,2.04,1.762,1.619,1.458,1.223,1.118,1.057,1.075,1.088,1.063,1.066
127,Estimates,China,8,156,Country/Area,906,2.019,1.841,2.045,2.488,2.042,1.316,1.128,1.225,0.811,0.718,0.715,0.725,0.747,0.78
128,Estimates,"China, Hong Kong SAR",9,344,Country/Area,906,1.893,2.075,2.3,1.684,1.411,1.052,0.816,0.646,0.6,0.504,0.452,0.483,0.565,0.635
129,Estimates,"China, Macao SAR",10,446,Country/Area,906,1.847,2.087,1.955,1.238,0.827,0.659,0.975,0.953,0.673,0.537,0.41,0.474,0.577,0.582
130,Estimates,"China, Taiwan Province of China",11,158,Country/Area,906,2.733,2.672,2.408,1.994,1.555,1.29,1.055,0.833,0.826,0.784,0.623,0.496,0.526,0.547
131,Estimates,Dem. People's Republic of Korea,,408,Country/Area,906,1.035,1.848,1.439,1.784,1.72,1.269,1.271,1.083,1.025,0.877,0.918,0.896,0.899,0.897
132,Estimates,Japan,,392,Country/Area,906,1.278,0.98,0.944,0.963,1.014,0.875,0.845,0.793,0.71,0.659,0.626,0.646,0.68,0.662
133,Estimates,Mongolia,,496,Country/Area,906,1.781,2.141,2.752,2.891,2.994,2.676,2.332,2.021,1.441,1.08,0.962,1.124,1.348,1.387
134,Estimates,Republic of Korea,,410,Country/Area,906,1.858,2.493,2.312,1.991,1.746,1.305,1.015,0.714,0.764,0.701,0.573,0.561,0.594,0.536
136,Estimates,Brunei Darussalam,,96,Country/Area,920,2.606,2.642,2.736,2.524,2.425,2.014,1.747,1.615,1.447,1.185,1.055,0.895,0.958,0.879
137,Estimates,Cambodia,,116,Country/Area,920,2.098,2.132,2.148,2.097,1.776,0.648,2.11,2.269,2.002,1.701,1.466,1.361,1.235,1.173
138,Estimates,Indonesia,,360,Country/Area,920,1.75,1.927,2.017,2.091,2.073,1.918,1.718,1.456,1.273,1.139,1.144,1.15,1.14,1.088
139,Estimates,Lao People's Democratic Republic,,418,Country/Area,920,1.842,1.894,1.948,2,2.055,2.153,2.281,2.336,2.278,1.943,1.638,1.477,1.309,1.23
140,Estimates,Malaysia,12,458,Country/Area,920,2.464,2.602,2.705,2.351,2.112,1.917,1.842,1.716,1.62,1.479,1.167,1.056,1.006,0.962
141,Estimates,Myanmar,,104,Country/Area,920,1.741,1.919,2.053,2.202,2.152,1.995,1.832,1.547,1.336,1.256,1.214,1.106,1.019,0.997
142,Estimates,Philippines,,608,Country/Area,920,2.938,3.017,2.98,2.83,2.601,2.383,2.173,2.022,1.886,1.794,1.707,1.526,1.413,1.198
143,Estimates,Singapore,,702,Country/Area,920,2.823,2.811,2.345,1.682,1.311,0.866,0.801,0.806,0.825,0.749,0.645,0.602,0.591,0.58
144,Estimates,Thailand,,764,Country/Area,920,2.188,2.288,2.388,2.414,2.118,1.702,1.317,1.057,0.925,0.819,0.747,0.733,0.727,0.731
145,Estimates,Timor-Leste,,626,Country/Area,920,1.49,1.573,1.628,1.62,1.627,1.209,1.625,1.836,2.036,2.298,2.635,2.355,1.985,1.88
146,Estimates,Viet Nam,,704,Country/Area,920,2.023,2.432,2.635,2.724,2.643,2.406,2.041,1.732,1.472,1.037,0.888,0.881,0.895,0.94
149,Estimates,Antigua and Barbuda,,28,Country/Area,915,1.868,1.93,1.908,1.813,1.492,1.038,1.003,0.981,0.998,1.057,1.042,0.968,0.97,0.97
150,Estimates,Aruba,13,533,Country/Area,915,2.373,2.262,1.986,1.513,1.239,1.154,1.115,1.09,1.031,0.927,0.863,0.837,0.858,0.907
151,Estimates,Bahamas,,44,Country/Area,915,1.768,1.904,2.006,1.61,1.609,1.355,1.408,1.231,1.229,1.084,0.876,0.898,0.854,0.834
152,Estimates,Barbados,,52,Country/Area,915,1.732,1.842,1.915,1.618,1.261,1.015,0.912,0.847,0.828,0.833,0.862,0.839,0.782,0.779
153,Estimates,Cuba,,192,Country/Area,915,1.719,1.579,2.053,1.883,1.63,1.005,0.871,0.876,0.751,0.77,0.762,0.757,0.82,0.777
154,Estimates,Curaçao,13,531,Country/Area,915,2.166,2.263,1.985,1.74,1.337,1.155,1.067,1.093,1.086,1.015,1.078,1.042,1.016,0.845
155,Estimates,Dominican Republic,,214,Country/Area,915,2.515,2.702,2.75,2.61,2.335,2.026,1.776,1.595,1.488,1.357,1.277,1.201,1.148,1.109
156,Estimates,Grenada,,308,Country/Area,915,2.365,2.824,2.775,2.125,2.067,1.96,1.947,1.916,1.617,1.329,1.152,1.092,1.033,0.981
157,Estimates,Guadeloupe,2,312,Country/Area,915,2.208,2.326,2.418,2.318,2.04,1.627,1.194,1.158,1,1.006,1.053,1.086,1.06,1.052
158,Estimates,Haiti,,332,Country/Area,915,1.704,1.849,1.96,1.955,1.903,2.071,2.269,2.145,1.988,1.826,1.644,1.483,1.356,1.253
159,Estimates,Jamaica,,388,Country/Area,915,1.731,2.188,2.481,2.589,2.275,1.842,1.65,1.45,1.337,1.273,1.159,1.082,0.987,0.947
160,Estimates,Martinique,2,474,Country/Area,915,2.377,2.449,2.394,2.244,1.868,1.232,1.007,1.015,0.937,0.911,0.928,0.984,0.955,0.911
161,Estimates,Puerto Rico,14,630,Country/Area,915,2.166,2.17,1.992,1.581,1.403,1.304,1.166,1.077,1.042,0.95,0.888,0.827,0.723,0.588
162,Estimates,Saint Lucia,,662,Country/Area,915,2.244,2.747,2.839,2.836,2.563,2.403,1.968,1.72,1.492,1.238,0.886,0.767,0.723,0.694
163,Estimates,Saint Vincent and the Grenadines,,670,Country/Area,915,2.754,2.924,2.938,2.77,2.453,2.002,1.688,1.458,1.343,1.202,1.06,1.014,0.957,0.908
164,Estimates,Trinidad and Tobago,,780,Country/Area,915,2.223,2.299,2.241,1.711,1.562,1.481,1.51,1.272,1.012,0.845,0.817,0.845,0.847,0.819
165,Estimates,United States Virgin Islands,14,850,Country/Area,915,2.266,2.44,2.552,2.519,2.15,1.625,1.392,1.424,1.323,1.042,1.019,1.153,1.094,0.979
167,Estimates,Belize,,84,Country/Area,916,2.672,2.713,2.742,2.77,2.783,2.812,2.496,2.193,2.026,1.814,1.585,1.35,1.233,1.113
168,Estimates,Costa Rica,,188,Country/Area,916,2.409,2.705,2.74,2.293,1.823,1.711,1.65,1.617,1.461,1.248,1.028,0.929,0.887,0.848
169,Estimates,El Salvador,,222,Country/Area,916,2.169,2.327,2.46,2.44,2.353,2.196,1.966,1.808,1.715,1.545,1.272,1.124,1.024,0.973
170,Estimates,Guatemala,,320,Country/Area,916,2.206,2.268,2.312,2.392,2.467,2.523,2.496,2.349,2.316,2.161,1.97,1.665,1.481,1.356
171,Estimates,Honduras,,340,Country/Area,916,2.333,2.463,2.586,2.711,2.688,2.643,2.515,2.344,2.189,2.063,1.769,1.496,1.27,1.163
172,Estimates,Mexico,,484,Country/Area,916,2.443,2.617,2.718,2.784,2.689,2.354,1.978,1.719,1.498,1.339,1.235,1.139,1.089,1.019
173,Estimates,Nicaragua,,558,Country/Area,916,2.276,2.486,2.53,2.564,2.603,2.537,2.427,2.153,1.884,1.556,1.352,1.253,1.197,1.145
174,Estimates,Panama,,591,Country/Area,916,2.29,2.404,2.441,2.338,2.163,1.897,1.665,1.505,1.366,1.32,1.263,1.242,1.231,1.173
176,Estimates,Argentina,,32,Country/Area,931,1.368,1.38,1.377,1.368,1.434,1.57,1.471,1.434,1.376,1.248,1.181,1.133,1.117,1.09
177,Estimates,Bolivia (Plurinational State of),,68,Country/Area,931,1.887,1.91,1.94,1.945,1.953,1.947,1.905,1.904,1.837,1.745,1.641,1.488,1.367,1.244
178,Estimates,Brazil,,76,Country/Area,931,2.244,2.296,2.349,2.182,1.948,1.82,1.669,1.414,1.247,1.145,0.997,0.879,0.841,0.829
179,Estimates,Chile,,152,Country/Area,931,1.878,1.896,1.888,1.751,1.542,1.348,1.235,1.233,1.206,1.057,0.941,0.917,0.894,0.798
180,Estimates,Colombia,,170,Country/Area,931,2.431,2.635,2.721,2.473,2.048,1.856,1.637,1.468,1.404,1.267,1.151,0.994,0.912,0.867
181,Estimates,Ecuador,,218,Country/Area,931,2.348,2.445,2.506,2.5,2.353,2.115,1.921,1.764,1.611,1.503,1.369,1.262,1.209,1.157
182,Estimates,French Guiana,2,254,Country/Area,931,1.972,2.014,2.138,2.245,1.908,1.519,1.676,1.759,1.921,1.871,1.748,1.728,1.645,1.616
183,Estimates,Guyana,,328,Country/Area,931,2.532,2.737,2.635,2.467,2.186,1.792,1.625,1.4,1.392,1.388,1.354,1.251,1.187,1.139
184,Estimates,Paraguay,,600,Country/Area,931,2.758,2.778,2.798,2.689,2.353,2.303,2.291,2.153,1.966,1.781,1.494,1.343,1.213,1.147
185,Estimates,Peru,,604,Country/Area,931,2.205,2.302,2.414,2.396,2.335,2.156,1.973,1.812,1.608,1.389,1.262,1.257,1.134,1.076
186,Estimates,Suriname,,740,Country/Area,931,2.606,2.689,2.755,2.536,2.291,1.841,1.647,1.511,1.443,1.348,1.297,1.23,1.187,1.131
187,Estimates,Uruguay,,858,Country/Area,931,1.23,1.283,1.325,1.281,1.375,1.333,1.198,1.193,1.178,1.093,1.038,0.971,0.962,0.949
188,Estimates,Venezuela (Bolivarian Republic of),,862,Country/Area,931,2.578,2.665,2.628,2.486,2.213,2.039,1.83,1.705,1.528,1.389,1.292,1.212,1.144,1.074
190,Estimates,Australia,15,36,Country/Area,927,1.485,1.598,1.54,1.356,1.202,0.946,0.913,0.89,0.894,0.859,0.853,0.94,0.908,0.884
191,Estimates,New Zealand,16,554,Country/Area,927,1.708,1.904,1.811,1.586,1.349,1.036,0.938,0.97,0.985,0.934,0.939,1.029,0.979,0.915
194,Estimates,Fiji,,242,Country/Area,928,2.618,2.86,2.591,2.201,1.86,1.79,1.719,1.585,1.536,1.454,1.361,1.255,1.277,1.28
195,Estimates,New Caledonia,2,540,Country/Area,928,1.892,2.01,2.122,2.22,2.294,1.77,1.543,1.457,1.377,1.226,1.104,1.087,1.041,0.943
196,Estimates,Papua New Guinea,,598,Country/Area,928,1.618,1.756,1.905,2.044,2.157,2.206,2.166,2.007,1.932,1.931,1.848,1.769,1.665,1.577
197,Estimates,Solomon Islands,,90,Country/Area,928,1.94,2.105,2.267,2.471,2.918,2.967,2.761,2.646,2.403,2.167,2.069,2.006,2.048,2.071
198,Estimates,Vanuatu,,548,Country/Area,928,2.515,2.56,2.547,2.468,2.425,2.38,2.321,2.226,2.167,2.083,2.017,1.938,1.853,1.774
200,Estimates,Guam,14,316,Country/Area,954,2.244,2.446,2.605,2.095,1.869,1.619,1.434,1.471,1.357,1.363,1.303,1.211,1.171,1.112
201,Estimates,Kiribati,,296,Country/Area,954,2.002,2.267,2.437,2.281,1.961,2.034,1.992,1.964,1.92,1.808,1.729,1.702,1.676,1.609
202,Estimates,Micronesia (Fed. States of),,583,Country/Area,954,2.719,2.728,2.775,2.856,2.932,2.78,2.63,2.285,2.116,2.005,1.805,1.63,1.51,1.413
204,Estimates,French Polynesia,2,258,Country/Area,957,2.276,2.405,2.288,2.239,2.123,1.883,1.76,1.711,1.464,1.247,1.132,1.041,0.982,0.942
205,Estimates,Samoa,,882,Country/Area,957,2.996,3.057,3.114,3.052,2.964,2.803,2.604,2.391,2.22,2.117,2.052,2.078,1.949,1.833
206,Estimates,Tonga,,776,Country/Area,957,2.869,2.95,3.008,2.774,2.412,2.462,2.499,2.179,2.136,1.992,1.971,1.885,1.775,1.681
210,Estimates,Belarus,,112,Country/Area,923,1.076,1.21,1.19,1.066,1.058,0.986,0.989,0.982,0.792,0.62,0.597,0.689,0.79,0.821
211,Estimates,Bulgaria,,100,Country/Area,923,1.051,1.014,1.022,0.99,1.011,1.031,0.951,0.922,0.738,0.569,0.594,0.725,0.725,0.748
212,Estimates,Czechia,,203,Country/Area,923,1.25,1.114,1.042,0.923,1.045,1.119,0.936,0.908,0.788,0.561,0.571,0.689,0.713,0.792
213,Estimates,Hungary,,348,Country/Area,923,1.178,1.047,0.831,0.916,0.949,1.057,0.854,0.863,0.83,0.658,0.62,0.64,0.642,0.718
214,Estimates,Poland,,616,Country/Area,923,1.562,1.551,1.241,1.083,1.043,1.046,1.091,1.024,0.926,0.724,0.604,0.661,0.643,0.685
215,Estimates,Republic of Moldova,18,498,Country/Area,923,1.507,1.514,1.41,1.207,1.167,1.114,1.174,1.226,0.985,0.798,0.582,0.602,0.606,0.599
216,Estimates,Romania,,642,Country/Area,923,1.284,1.174,0.948,1.296,1.217,1.18,1.033,1.056,0.706,0.619,0.613,0.719,0.723,0.778
217,Estimates,Russian Federation,,643,Country/Area,923,1.147,1.24,1.166,0.939,0.95,0.907,0.957,0.997,0.725,0.584,0.61,0.689,0.807,0.869
218,Estimates,Slovakia,,703,Country/Area,923,1.533,1.495,1.365,1.194,1.182,1.167,1.081,1.03,0.895,0.673,0.587,0.635,0.666,0.726
219,Estimates,Ukraine,19,804,Country/Area,923,1.177,1.209,0.985,0.945,0.978,0.931,0.945,0.922,0.765,0.584,0.541,0.654,0.708,0.689
221,Estimates,Channel Islands,20,830,Country/Area,924,0.951,1.038,1.2,1.111,0.876,0.719,0.682,0.689,0.724,0.757,0.704,0.75,0.759,0.722
222,Estimates,Denmark,21,208,Country/Area,924,1.186,1.196,1.221,1.076,0.936,0.804,0.686,0.737,0.84,0.844,0.849,0.894,0.835,0.851
223,Estimates,Estonia,,233,Country/Area,924,0.866,0.891,0.894,0.949,1.01,0.97,0.986,1.037,0.768,0.63,0.665,0.794,0.766,0.761
224,Estimates,Finland,22,246,Country/Area,924,1.377,1.293,1.257,1.042,0.774,0.798,0.812,0.8,0.881,0.843,0.848,0.892,0.858,0.742
225,Estimates,Iceland,,352,Country/Area,924,1.793,1.958,1.872,1.542,1.36,1.172,1.07,1.017,1.054,0.996,0.967,1.033,0.961,0.858
226,Estimates,Ireland,,372,Country/Area,924,1.531,1.64,1.855,1.801,1.752,1.531,1.341,1.073,0.933,0.906,0.923,0.963,0.945,0.886
227,Estimates,Latvia,,428,Country/Area,924,0.847,0.879,0.865,0.861,0.94,0.885,0.957,1.023,0.773,0.551,0.613,0.718,0.716,0.819
228,Estimates,Lithuania,,440,Country/Area,924,1.164,1.178,1.111,1.078,1.086,0.993,0.962,0.973,0.861,0.698,0.611,0.682,0.767,0.801
229,Estimates,Norway,23,578,Country/Area,924,1.213,1.336,1.367,1.326,1.122,0.865,0.808,0.864,0.904,0.896,0.871,0.928,0.879,0.811
230,Estimates,Sweden,,752,Country/Area,924,1.047,1.058,1.094,1.03,0.908,0.797,0.788,0.916,0.966,0.751,0.804,0.911,0.917,0.892
231,Estimates,United Kingdom,24,826,Country/Area,924,1.019,1.174,1.329,1.219,0.956,0.826,0.851,0.881,0.854,0.836,0.798,0.898,0.902,0.846
233,Estimates,Albania,,8,Country/Area,925,2.284,2.528,2.568,2.241,2.02,1.734,1.527,1.433,1.273,1.094,0.89,0.754,0.801,0.764
234,Estimates,Bosnia and Herzegovina,,70,Country/Area,925,1.811,1.606,1.565,1.377,1.235,1.047,0.944,0.877,0.8,0.798,0.627,0.625,0.634,0.61
235,Estimates,Croatia,,191,Country/Area,925,1.167,1.049,1.006,0.926,0.925,0.893,0.882,0.818,0.727,0.777,0.677,0.731,0.713,0.696
236,Estimates,Greece,,300,Country/Area,925,1.094,1.089,1.047,1.177,1.18,1.135,0.971,0.728,0.657,0.625,0.619,0.678,0.646,0.626
237,Estimates,Italy,,380,Country/Area,925,1.038,1.033,1.146,1.158,1.086,0.891,0.725,0.644,0.607,0.586,0.63,0.69,0.684,0.641
238,Estimates,Malta,,470,Country/Area,925,1.839,1.749,1.466,0.993,0.947,1.006,0.937,0.97,0.964,0.888,0.708,0.67,0.671,0.698
239,Estimates,Montenegro,,499,Country/Area,925,1.773,1.575,1.48,1.293,1.2,1.064,1.025,0.98,0.95,0.893,0.867,0.853,0.812,0.836
240,Estimates,North Macedonia,,807,Country/Area,925,1.932,1.679,1.538,1.491,1.271,1.145,1.12,1.053,0.997,0.87,0.785,0.694,0.714,0.715
241,Estimates,Portugal,,620,Country/Area,925,1.259,1.305,1.367,1.384,1.286,1.182,0.944,0.767,0.704,0.695,0.696,0.66,0.618,0.621
242,Estimates,Serbia,25,688,Country/Area,925,1.334,1.097,1.097,1.087,1.08,1.1,1.083,1.05,0.932,0.871,0.815,0.755,0.698,0.698
243,Estimates,Slovenia,,705,Country/Area,925,1.227,1.11,1.097,1.068,1.03,1.022,0.919,0.79,0.64,0.598,0.583,0.692,0.76,0.773
244,Estimates,Spain,26,724,Country/Area,925,1.091,1.208,1.282,1.314,1.334,1.205,0.894,0.696,0.611,0.568,0.613,0.699,0.638,0.64
246,Estimates,Austria,,40,Country/Area,926,0.951,1.177,1.293,1.204,0.958,0.783,0.761,0.693,0.712,0.668,0.665,0.675,0.699,0.739
247,Estimates,Belgium,,56,Country/Area,926,1.079,1.156,1.237,1.122,0.951,0.809,0.761,0.746,0.774,0.776,0.813,0.88,0.861,0.83
248,Estimates,France,27,250,Country/Area,926,1.261,1.258,1.338,1.252,1.093,0.886,0.891,0.865,0.823,0.848,0.909,0.957,0.959,0.897
249,Estimates,Germany,,276,Country/Area,926,0.964,1.043,1.151,1.109,0.805,0.715,0.698,0.685,0.625,0.647,0.651,0.658,0.69,0.767
250,Estimates,Luxembourg,,442,Country/Area,926,0.914,1.041,1.126,1.035,0.82,0.708,0.7,0.704,0.799,0.827,0.798,0.781,0.749,0.703
251,Estimates,Netherlands,28,528,Country/Area,926,1.422,1.457,1.497,1.325,0.999,0.763,0.725,0.745,0.764,0.768,0.836,0.841,0.836,0.803
252,Estimates,Switzerland,,756,Country/Area,926,1.072,1.122,1.225,1.116,0.891,0.736,0.737,0.742,0.739,0.715,0.679,0.709,0.738,0.743
254,Estimates,Canada,,124,Country/Area,918,1.672,1.802,1.721,1.229,0.933,0.825,0.781,0.776,0.813,0.751,0.73,0.788,0.772,0.736
255,Estimates,United States of America,29,840,Country/Area,918,1.54,1.678,1.519,1.197,0.96,0.842,0.862,0.916,0.974,0.96,0.982,0.989,0.903,0.855